T,P_sat,vol_f,vol_g,h_f,h_g,mu_f,k_f,Pr_f,mu_g
1,657.07846,0.001000152,192.45488,4176.6227,2502740.5,0.001731109,0.55888916,13.06063,9.23948E-06
2,705.96886,0.001000111,179.77575,8391.7321,2504574.7,0.001673628,0.56139926,12.561239,9.26318E-06
3,758.05427,0.001000086,168.02743,12603.852,2506408.1,0.001619135,0.56385734,12.091002,9.28712E-06
4,813.51271,0.001000078,157.13517,16813.199,2508240.6,0.001567423,0.56626562,11.647668,9.3113E-06
5,872.53022,0.001000086,147.03069,21019.976,2510072.3,0.001518304,0.5686262,11.229202,9.33572E-06
6,935.30117,0.001000109,137.65162,25224.37,2511903.2,0.001471603,0.57094101,10.833758,9.36038E-06
7,1002.0285,0.001000147,128.94089,29426.555,2513733.2,0.001427162,0.57321187,10.459657,9.38525E-06
8,1072.9239,0.0010002,120.84632,33626.692,2515562.4,0.001384834,0.57544049,10.105373,9.41035E-06
9,1148.2084,0.001000268,113.32012,37824.931,2517390.6,0.001344484,0.57762844,9.7695137,9.43566E-06
10,1228.1122,0.001000349,106.3185,42021.414,2519218,0.00130599,0.57977723,9.450807,9.46119E-06
11,1312.8753,0.001000443,99.80135,46216.271,2521044.4,0.001269235,0.58188824,9.1480895,9.48693E-06
12,1402.7478,0.00100055,93.731856,50409.624,2522870,0.001234116,0.5839628,8.8602954,9.51286E-06
13,1497.9898,0.001000671,88.076245,54601.588,2524694.5,0.001200533,0.58600211,8.5864466,9.539E-06
14,1598.8723,0.001000803,82.803503,58792.269,2526518.2,0.001168396,0.58800734,8.3256445,9.56534E-06
15,1705.677,0.001000948,77.885135,62981.769,2528340.8,0.001137622,0.58997956,8.0770619,9.59186E-06
16,1818.6968,0.001001105,73.294945,67170.181,2530162.4,0.001108133,0.59191979,7.8399369,9.61857E-06
17,1938.236,0.001001273,69.008838,71357.594,2531983,0.001079856,0.59382898,7.6135662,9.64547E-06
18,2064.6109,0.001001453,65.004636,75544.091,2533802.6,0.001052724,0.59570803,7.3973003,9.67255E-06
19,2198.1499,0.001001644,61.261921,79729.749,2535621.1,0.001026675,0.59755779,7.1905384,9.6998E-06
20,2339.1937,0.001001845,57.761877,83914.641,2537438.4,0.00100165,0.59937904,6.992724,9.72723E-06
21,2488.0959,0.001002058,54.48716,88098.837,2539254.7,0.000977596,0.60117253,6.8033413,9.75483E-06
22,2645.2231,0.001002281,51.421773,92282.402,2541069.8,0.00095446,0.60293896,6.6219112,9.7826E-06
23,2810.9554,0.001002514,48.550952,96465.396,2542883.7,0.000932196,0.604679,6.447989,9.81053E-06
24,2985.6866,0.001002757,45.861066,100647.88,2544696.5,0.000910759,0.60639328,6.2811605,9.83862E-06
25,3169.8245,0.00100301,43.339524,104829.9,2546507.9,0.000890108,0.60808237,6.1210404,9.86687E-06
26,3363.7915,0.001003272,40.974685,109011.52,2548318.2,0.000870203,0.60974685,5.9672693,9.89527E-06
27,3568.0246,0.001003545,38.755786,113192.77,2550127.1,0.000851009,0.61138722,5.8195119,9.92382E-06
28,3782.9761,0.001003826,36.67287,117373.72,2551934.7,0.000832491,0.61300399,5.6774552,9.95253E-06
29,4009.1134,0.001004117,34.716717,121554.39,2553740.9,0.000814617,0.61459763,5.5408065,9.98137E-06
30,4246.9199,0.001004417,32.87879,125734.84,2555545.7,0.000797356,0.61616858,5.4092916,1.00104E-05
31,4496.8952,0.001004727,31.151179,129915.09,2557349.1,0.00078068,0.61771727,5.2826543,1.00395E-05
32,4759.5552,0.001005044,29.526548,134095.2,2559151,0.000764563,0.61924407,5.160654,1.00688E-05
33,5035.4327,0.001005371,27.998096,138275.18,2560951.4,0.000748979,0.62074938,5.043065,1.00982E-05
34,5325.0776,0.001005706,26.55951,142455.08,2562750.3,0.000733903,0.62223355,4.9296757,1.01277E-05
35,5629.0574,0.00100605,25.204931,146634.92,2564547.6,0.000719315,0.62369692,4.8202869,1.01574E-05
36,5947.9574,0.001006402,23.928915,150814.74,2566343.2,0.000705192,0.6251398,4.7147113,1.01872E-05
37,6282.3811,0.001006762,22.726404,154994.56,2568137.2,0.000691514,0.62656251,4.612773,1.02171E-05
38,6632.9506,0.00100713,21.592697,159174.42,2569929.5,0.000678263,0.62796532,4.5143057,1.02471E-05
39,7000.307,0.001007507,20.523419,163354.33,2571720.1,0.00066542,0.62934853,4.4191533,1.02773E-05
40,7385.1105,0.001007891,19.514501,167534.33,2573508.9,0.000652969,0.63071238,4.3271679,1.03076E-05
41,7788.041,0.001008284,18.562154,171714.43,2575295.8,0.000640894,0.63205713,4.2382104,1.03379E-05
42,8209.7984,0.001008684,17.66285,175894.66,2577080.9,0.000629178,0.63338302,4.1521491,1.03685E-05
43,8651.103,0.001009092,16.813301,180075.04,2578864,0.000617809,0.63469026,4.0688597,1.03991E-05
44,9112.6955,0.001009507,16.010441,184255.59,2580645.2,0.000606771,0.63597908,3.9882245,1.04298E-05
45,9595.3378,0.00100993,15.251413,188436.33,2582424.4,0.000596053,0.63724969,3.910132,1.04606E-05
46,10099.813,0.00101036,14.533551,192617.29,2584201.5,0.00058564,0.63850227,3.8344769,1.04916E-05
47,10626.927,0.001010798,13.854365,196798.48,2585976.6,0.000575523,0.63973702,3.7611591,1.05226E-05
48,11177.506,0.001011243,13.211531,200979.91,2587749.4,0.000565689,0.64095412,3.6900838,1.05537E-05
49,11752.399,0.001011696,12.602879,205161.61,2589520.1,0.000556128,0.64215374,3.621161,1.0585E-05
50,12352.479,0.001012155,12.02638,209343.6,2591288.6,0.00054683,0.64333605,3.5543053,1.06163E-05
51,12978.641,0.001012622,11.480137,213525.89,2593054.7,0.000537785,0.6445012,3.4894355,1.06477E-05
52,13631.804,0.001013096,10.962376,217708.5,2594818.5,0.000528984,0.64564935,3.4264746,1.06793E-05
53,14312.91,0.001013576,10.471438,221891.44,2596579.9,0.000520418,0.64678064,3.3653491,1.07109E-05
54,15022.926,0.001014064,10.005769,226074.74,2598338.8,0.000512078,0.64789522,3.3059891,1.07426E-05
55,15762.843,0.001014559,9.5639143,230258.4,2600095.3,0.000503957,0.64899322,3.2483283,1.07744E-05
56,16533.677,0.00101506,9.1445107,234442.44,2601849.2,0.000496047,0.65007477,3.1923033,1.08062E-05
57,17336.469,0.001015569,8.7462814,238626.89,2603600.5,0.000488341,0.65114,3.1378537,1.08382E-05
58,18172.285,0.001016084,8.3680293,242811.75,2605349.1,0.000480831,0.65218903,3.084922,1.08702E-05
59,19042.216,0.001016606,8.0086314,246997.04,2607095,0.000473511,0.65322198,3.0334532,1.09023E-05
60,19947.383,0.001017134,7.6670345,251182.77,2608838.2,0.000466374,0.65423896,2.9833949,1.09345E-05
61,20888.928,0.00101767,7.34225,255368.97,2610578.5,0.000459415,0.65524009,2.9346971,1.09668E-05
62,21868.023,0.001018211,7.0333495,259555.64,2612315.9,0.000452628,0.65622546,2.8873119,1.09991E-05
63,22885.867,0.00101876,6.7394614,263742.8,2614050.4,0.000446006,0.65719519,2.8411937,1.10316E-05
64,23943.684,0.001019315,6.4597665,267930.47,2615781.9,0.000439545,0.65814938,2.7962986,1.10641E-05
65,25042.73,0.001019876,6.1934951,272118.66,2617510.4,0.000433239,0.65908811,2.7525849,1.10966E-05
66,26184.283,0.001020444,5.9399231,276307.39,2619235.7,0.000427083,0.6600115,2.7100126,1.11292E-05
67,27369.654,0.001021018,5.6983699,280496.67,2620957.9,0.000421073,0.66091963,2.6685433,1.11619E-05
68,28600.182,0.001021599,5.4681949,284686.52,2622676.8,0.000415204,0.66181259,2.6281402,1.11947E-05
69,29877.231,0.001022186,5.248795,288876.96,2624392.5,0.000409472,0.66269047,2.5887683,1.12275E-05
70,31202.199,0.00102278,5.0396027,293068,2626104.8,0.000403871,0.66355337,2.5503937,1.12604E-05
71,32576.509,0.00102338,4.8400833,297259.66,2627813.6,0.0003984,0.66440135,2.5129842,1.12933E-05
72,34001.618,0.001023986,4.649733,301451.95,2629519,0.000393052,0.66523451,2.4765086,1.13264E-05
73,35479.01,0.001024598,4.4680771,305644.89,2631220.9,0.000387826,0.66605293,2.4409372,1.13594E-05
74,37010.199,0.001025217,4.2946678,309838.5,2632919.2,0.000382716,0.66685668,2.4062414,1.13925E-05
75,38596.731,0.001025842,4.1290831,314032.8,2634613.8,0.00037772,0.66764585,2.3723937,1.14257E-05
76,40240.182,0.001026473,3.9709247,318227.79,2636304.6,0.000372834,0.6684205,2.3393676,1.14589E-05
77,41942.159,0.00102711,3.8198167,322423.51,2637991.7,0.000368055,0.66918073,2.307138,1.14922E-05
78,43704.3,0.001027754,3.6754043,326619.96,2639674.9,0.00036338,0.66992659,2.2756802,1.15256E-05
79,45528.275,0.001028404,3.5373523,330817.17,2641354.2,0.000358806,0.67065817,2.244971,1.15589E-05
80,47415.784,0.00102906,3.4053444,335015.15,2643029.6,0.00035433,0.67137553,2.2149877,1.15924E-05
81,49368.562,0.001029722,3.2790814,339213.93,2644700.8,0.00034995,0.67207874,2.1857085,1.16258E-05
82,51388.373,0.00103039,3.1582805,343413.51,2646367.9,0.000345662,0.67276788,2.1571126,1.16594E-05
83,53477.014,0.001031065,3.0426746,347613.92,2648030.9,0.000341464,0.67344301,2.1291799,1.16929E-05
84,55636.318,0.001031745,2.9320108,351815.18,2649689.5,0.000337353,0.6741042,2.1018908,1.17265E-05
85,57868.145,0.001032432,2.8260499,356017.31,2651343.9,0.000333327,0.67475152,2.0752268,1.17602E-05
86,60174.393,0.001033125,2.7245656,360220.33,2652993.8,0.000329385,0.67538503,2.0491698,1.17939E-05
87,62556.991,0.001033824,2.6273437,364424.26,2654639.3,0.000325522,0.6760048,2.0237025,1.18276E-05
88,65017.901,0.001034528,2.5341813,368629.11,2656280.3,0.000321738,0.67661089,1.9988081,1.18614E-05
89,67559.12,0.00103524,2.4448861,372834.92,2657916.6,0.000318031,0.67720337,1.9744703,1.18952E-05
90,70182.678,0.001035957,2.3592761,377041.69,2659548.2,0.000314397,0.6777823,1.9506737,1.1929E-05
91,72890.638,0.00103668,2.2771788,381249.45,2661175.1,0.000310836,0.67834774,1.9274032,1.19629E-05
92,75685.099,0.001037409,2.1984305,385458.23,2662797.2,0.000307345,0.67889976,1.9046442,1.19968E-05
93,78568.194,0.001038145,2.1228761,389668.04,2664414.4,0.000303922,0.67943841,1.8823827,1.20308E-05
94,81542.088,0.001038886,2.0503685,393878.91,2666026.6,0.000300567,0.67996376,1.8606052,1.20648E-05
95,84608.985,0.001039634,1.9807681,398090.86,2667633.7,0.000297276,0.68047586,1.8392985,1.20988E-05
96,87771.12,0.001040388,1.9139424,402303.9,2669235.8,0.000294049,0.68097478,1.8184501,1.21328E-05
97,91030.764,0.001041148,1.8497656,406518.07,2670832.6,0.000290883,0.68146058,1.7980476,1.21669E-05
98,94390.224,0.001041913,1.7881182,410733.39,2672424.2,0.000287777,0.68193331,1.7780792,1.2201E-05
99,97851.842,0.001042686,1.7288867,414949.88,2674010.4,0.000284731,0.68239303,1.7585336,1.22351E-05
100,101417.99,0.001043464,1.6719635,419167.57,2675591.2,0.000281741,0.68283981,1.7393996,1.22692E-05
101,105091.09,0.001044248,1.6172461,423386.47,2677166.5,0.000278807,0.68327369,1.7206665,1.23034E-05
102,108873.59,0.001045038,1.564637,427606.61,2678736.2,0.000275928,0.68369474,1.702324,1.23376E-05
103,112767.96,0.001045835,1.5140438,431828.02,2680300.3,0.000273101,0.68410301,1.6843621,1.23718E-05
104,116776.73,0.001046637,1.4653783,436050.73,2681858.7,0.000270327,0.68449856,1.666771,1.24061E-05
105,120902.45,0.001047446,1.4185568,440274.75,2683411.2,0.000267603,0.68488145,1.6495414,1.24403E-05
106,125147.72,0.001048261,1.3734996,444500.11,2684957.8,0.000264928,0.68525172,1.6326641,1.24746E-05
107,129515.16,0.001049082,1.3301308,448726.84,2686498.5,0.000262301,0.68560944,1.6161304,1.25089E-05
108,134007.44,0.00104991,1.2883781,452954.97,2688033.1,0.000259721,0.68595467,1.5999316,1.25432E-05
109,138627.25,0.001050743,1.2481728,457184.52,2689561.6,0.000257187,0.68628744,1.5840596,1.25775E-05
110,143377.34,0.001051583,1.2094494,461415.51,2691083.9,0.000254698,0.68660783,1.5685062,1.26119E-05
111,148260.47,0.001052429,1.1721454,465647.97,2692600,0.000252253,0.68691588,1.5532638,1.26463E-05
112,153279.46,0.001053281,1.1362014,469881.94,2694109.6,0.00024985,0.68721165,1.5383248,1.26806E-05
113,158437.15,0.001054139,1.1015606,474117.44,2695612.8,0.000247489,0.68749518,1.5236818,1.2715E-05
114,163736.43,0.001055004,1.0681691,478354.48,2697109.5,0.000245169,0.68776654,1.5093278,1.27495E-05
115,169180.21,0.001055875,1.0359751,482593.12,2698599.6,0.000242888,0.68802578,1.4952559,1.27839E-05
116,174771.45,0.001056752,1.0049297,486833.36,2700082.9,0.000240647,0.68827294,1.4814595,1.28183E-05
117,180513.14,0.001057636,0.97498573,491075.24,2701559.5,0.000238443,0.68850808,1.4679319,1.28528E-05
118,186408.32,0.001058526,0.94609857,495318.79,2703029.3,0.000236277,0.68873125,1.4546671,1.28872E-05
119,192460.04,0.001059422,0.91822544,499564.04,2704492.1,0.000234147,0.68894251,1.4416588,1.29217E-05
120,198671.42,0.001060324,0.89132552,503811.02,2705947.8,0.000232052,0.6891419,1.4289011,1.29561E-05
121,205045.6,0.001061234,0.86535985,508059.75,2707396.5,0.000229993,0.68932947,1.4163883,1.29906E-05
122,211585.75,0.001062149,0.8402912,512310.26,2708838,0.000227967,0.68950528,1.4041148,1.30251E-05
123,218295.08,0.001063071,0.81608402,516562.59,2710272.2,0.000225974,0.68966937,1.3920752,1.30596E-05
124,225176.85,0.001063999,0.79270433,520816.76,2711699.1,0.000224014,0.68982179,1.3802642,1.30941E-05
125,232234.35,0.001064934,0.77011963,525072.81,2713118.5,0.000222085,0.6899626,1.3686767,1.31286E-05
126,239470.9,0.001065875,0.74829887,529330.77,2714530.4,0.000220188,0.69009184,1.3573077,1.31632E-05
127,246889.87,0.001066823,0.72721237,533590.66,2715934.7,0.000218321,0.69020956,1.3461523,1.31977E-05
128,254494.65,0.001067778,0.70683173,537852.52,2717331.3,0.000216484,0.69031581,1.3352059,1.32322E-05
129,262288.68,0.001068739,0.68712977,542116.38,2718720.2,0.000214676,0.69041064,1.324464,1.32667E-05
130,270275.44,0.001069707,0.6680805,546382.27,2720101.1,0.000212896,0.6904941,1.313922,1.33013E-05
131,278458.44,0.001070681,0.64965904,550650.23,2721474.2,0.000211145,0.69056622,1.3035756,1.33358E-05
132,286841.21,0.001071662,0.63184158,554920.28,2722839.2,0.00020942,0.69062707,1.2934207,1.33703E-05
133,295427.36,0.00107265,0.61460532,559192.46,2724196,0.000207723,0.69067668,1.2834531,1.34049E-05
134,304220.49,0.001073644,0.59792843,563466.8,2725544.7,0.000206051,0.6907151,1.273669,1.34394E-05
135,313224.27,0.001074646,0.58178998,567743.33,2726885.1,0.000204405,0.69074239,1.2640643,1.34739E-05
136,322442.39,0.001075654,0.56616996,572022.1,2728217.2,0.000202785,0.69075857,1.2546355,1.35085E-05
137,331878.59,0.001076668,0.55104916,576303.12,2729540.7,0.000201189,0.69076371,1.2453787,1.3543E-05
138,341536.63,0.00107769,0.53640917,580586.44,2730855.8,0.000199616,0.69075784,1.2362905,1.35776E-05
139,351420.32,0.001078719,0.52223238,584872.08,2732162.2,0.000198068,0.69074101,1.2273673,1.36121E-05
140,361533.5,0.001079755,0.50850186,589160.09,2733459.9,0.000196543,0.69071327,1.2186059,1.36466E-05
141,371880.05,0.001080797,0.4952014,593450.5,2734748.8,0.00019504,0.69067465,1.2100029,1.36812E-05
142,382463.89,0.001081847,0.48231546,597743.34,2736028.8,0.000193559,0.6906252,1.2015551,1.37157E-05
143,393288.96,0.001082904,0.46982911,602038.65,2737299.8,0.0001921,0.69056496,1.1932594,1.37503E-05
144,404359.26,0.001083967,0.45772803,606336.47,2738561.8,0.000190663,0.69049399,1.1851128,1.37848E-05
145,415678.81,0.001085038,0.44599849,610636.82,2739814.6,0.000189246,0.69041231,1.1771124,1.38193E-05
146,427251.67,0.001086116,0.43462731,614939.75,2741058.2,0.00018785,0.69031997,1.1692552,1.38538E-05
147,439081.94,0.001087202,0.42360182,619245.29,2742292.5,0.000186474,0.69021702,1.1615385,1.38884E-05
148,451173.75,0.001088294,0.41290987,623553.48,2743517.4,0.000185117,0.69010349,1.1539595,1.39229E-05
149,463531.28,0.001089394,0.40253978,627864.35,2744732.8,0.00018378,0.68997942,1.1465157,1.39574E-05
150,476158.72,0.001090501,0.39248035,632177.95,2745938.6,0.000182461,0.68984487,1.1392043,1.39919E-05
151,489060.33,0.001091616,0.38272079,636494.31,2747134.8,0.000181162,0.68969985,1.1320229,1.40264E-05
152,502240.38,0.001092738,0.37325076,640813.47,2748321.2,0.00017988,0.68954443,1.124969,1.40609E-05
153,515703.18,0.001093867,0.3640603,645135.47,2749497.7,0.000178616,0.68937862,1.1180402,1.40954E-05
154,529453.08,0.001095005,0.35513986,649460.34,2750664.4,0.00017737,0.68920249,1.1112342,1.41299E-05
155,543494.47,0.001096149,0.34648024,653788.13,2751821,0.00017614,0.68901605,1.1045488,1.41644E-05
156,557831.77,0.001097301,0.33807259,658118.87,2752967.5,0.000174928,0.68881936,1.0979816,1.41989E-05
157,572469.44,0.001098461,0.32990843,662452.6,2754103.8,0.000173732,0.68861244,1.0915306,1.42334E-05
158,587411.97,0.001099629,0.32197955,666789.36,2755229.9,0.000172552,0.68839534,1.0851937,1.42679E-05
159,602663.88,0.001100805,0.31427811,671129.2,2756345.6,0.000171388,0.68816809,1.0789687,1.43023E-05
160,618229.74,0.001101988,0.30679652,675472.16,2757450.8,0.00017024,0.68793074,1.0728538,1.43368E-05
161,634114.14,0.001103179,0.2995275,679818.27,2758545.4,0.000169107,0.6876833,1.0668469,1.43713E-05
162,650321.73,0.001104378,0.29246403,684167.57,2759629.5,0.000167989,0.68742583,1.0609461,1.44057E-05
163,666857.16,0.001105585,0.28559937,688520.11,2760702.8,0.000166886,0.68715836,1.0551496,1.44402E-05
164,683725.14,0.001106801,0.27892701,692875.93,2761765.2,0.000165797,0.68688092,1.0494556,1.44747E-05
165,700930.42,0.001108024,0.27244069,697235.08,2762816.8,0.000164722,0.68659354,1.0438623,1.45091E-05
166,718477.75,0.001109256,0.26613437,701597.59,2763857.4,0.000163661,0.68629627,1.038368,1.45435E-05
167,736371.95,0.001110495,0.26000226,705963.51,2764886.9,0.000162614,0.68598913,1.032971,1.4578E-05
168,754617.86,0.001111744,0.25403875,710332.88,2765905.2,0.00016158,0.68567215,1.0276697,1.46124E-05
169,773220.36,0.001113,0.24823844,714705.74,2766912.2,0.00016056,0.68534538,1.0224626,1.46469E-05
170,792184.36,0.001114265,0.24259614,719082.15,2767907.9,0.000159552,0.68500884,1.0173479,1.46813E-05
171,811514.8,0.001115538,0.23710684,723462.14,2768892.1,0.000158557,0.68466256,1.0123243,1.47157E-05
172,831216.66,0.00111682,0.23176571,727845.76,2769864.7,0.000157575,0.68430658,1.0073903,1.47502E-05
173,851294.95,0.001118111,0.22656808,732233.05,2770825.7,0.000156604,0.68394092,1.0025444,1.47846E-05
174,871754.73,0.00111941,0.22150947,736624.07,2771774.9,0.000155646,0.68356563,0.99778515,1.4819E-05
175,892601.07,0.001120718,0.21658554,741018.85,2772712.4,0.000154699,0.68318072,0.99311127,1.48534E-05
176,913839.09,0.001122035,0.21179211,745417.46,2773637.8,0.000153765,0.68278622,0.98852139,1.48878E-05
177,935473.94,0.001123361,0.20712514,749819.92,2774551.3,0.000152841,0.68238218,0.98401422,1.49223E-05
178,957510.8,0.001124696,0.20258075,754226.29,2775452.6,0.000151929,0.68196861,0.97958847,1.49567E-05
179,979954.89,0.00112604,0.19815518,758636.63,2776341.7,0.000151027,0.68154554,0.97524292,1.49911E-05
180,1002811.4,0.001127393,0.1938448,763050.97,2777218.5,0.000150137,0.68111301,0.97097636,1.50255E-05
181,1026085.8,0.001128756,0.18964611,767469.37,2778082.9,0.000149257,0.68067103,0.9667876,1.50599E-05
182,1049783.2,0.001130127,0.18555574,771891.87,2778934.7,0.000148387,0.68021964,0.96267551,1.50943E-05
183,1073909,0.001131508,0.18157041,776318.53,2779774,0.000147528,0.67975886,0.95863895,1.51288E-05
184,1098468.6,0.001132899,0.17768698,780749.41,2780600.5,0.000146679,0.67928873,0.95467686,1.51632E-05
185,1123467.4,0.001134299,0.1739024,785184.54,2781414.2,0.000145839,0.67880925,0.95078815,1.51976E-05
186,1148911,0.001135709,0.17021373,789623.98,2782214.9,0.000145009,0.67832047,0.94697179,1.5232E-05
187,1174804.6,0.001137128,0.16661813,794067.79,2783002.7,0.000144189,0.6778224,0.94322678,1.52665E-05
188,1201153.9,0.001138557,0.16311285,798516.01,2783777.3,0.000143378,0.67731507,0.93955213,1.53009E-05
189,1227964.5,0.001139997,0.15969523,802968.71,2784538.6,0.000142577,0.6767985,0.93594689,1.53353E-05
190,1255241.8,0.001141446,0.15636272,807425.93,2785286.7,0.000141784,0.67627272,0.93241011,1.53698E-05
191,1282991.6,0.001142905,0.15311283,811887.73,2786021.3,0.000141,0.67573775,0.9289409,1.54043E-05
192,1311219.3,0.001144375,0.14994315,816354.17,2786742.3,0.000140225,0.6751936,0.92553836,1.54387E-05
193,1339930.8,0.001145855,0.14685138,820825.3,2787449.6,0.000139459,0.67464031,0.92220164,1.54732E-05
194,1369131.8,0.001147345,0.14383527,825301.18,2788143.2,0.000138701,0.6740779,0.9189299,1.55077E-05
195,1398827.9,0.001148846,0.14089265,829781.87,2788822.9,0.000137951,0.67350638,0.91572232,1.55422E-05
196,1429024.9,0.001150357,0.13802141,834267.42,2789488.6,0.000137209,0.67292577,0.9125781,1.55767E-05
197,1459728.7,0.001151879,0.13521954,838757.89,2790140.2,0.000136476,0.6723361,0.90949648,1.56112E-05
198,1490945.1,0.001153412,0.13248505,843253.35,2790777.6,0.00013575,0.67173738,0.9064767,1.56457E-05
199,1522680,0.001154956,0.12981606,847753.85,2791400.7,0.000135032,0.67112964,0.90351803,1.56802E-05
200,1554939.2,0.00115651,0.12721073,852259.45,2792009.2,0.000134322,0.67051289,0.90061976,1.57148E-05
201,1587728.7,0.001158077,0.12466726,856770.22,2792603.3,0.000133619,0.66988715,0.89778121,1.57494E-05
202,1621054.5,0.001159654,0.12218393,861286.22,2793182.6,0.000132923,0.66925244,0.8950017,1.57839E-05
203,1654922.5,0.001161242,0.11975907,865807.51,2793747.1,0.000132235,0.66860877,0.89228059,1.58186E-05
204,1689338.9,0.001162843,0.11739107,870334.15,2794296.6,0.000131554,0.66795616,0.88961723,1.58532E-05
205,1724309.5,0.001164454,0.11507836,874866.22,2794831.2,0.000130879,0.66729462,0.88701103,1.58878E-05
206,1759840.6,0.001166078,0.11281942,879403.77,2795350.5,0.000130212,0.66662418,0.88446138,1.59225E-05
207,1795938.3,0.001167714,0.11061278,883946.87,2795854.5,0.000129551,0.66594485,0.88196772,1.59572E-05
208,1832608.7,0.001169361,0.10845702,888495.59,2796343.1,0.000128897,0.66525663,0.87952948,1.59919E-05
209,1869858,0.001171021,0.10635075,893050,2796816.1,0.00012825,0.66455955,0.87714613,1.60266E-05
210,1907692.4,0.001172693,0.10429264,897610.17,2797273.4,0.000127609,0.66385362,0.87481715,1.60614E-05
211,1946118.2,0.001174377,0.10228139,902176.16,2797714.9,0.000126974,0.66313884,0.87254203,1.60962E-05
212,1985141.7,0.001176074,0.10031575,906748.05,2798140.5,0.000126345,0.66241524,0.87032029,1.6131E-05
213,2024769.1,0.001177783,0.09839449,911325.91,2798549.9,0.000125722,0.66168282,0.86815146,1.61658E-05
214,2065006.9,0.001179506,0.096516437,915909.81,2798943.1,0.000125106,0.66094159,0.86603508,1.62007E-05
215,2105861.3,0.001181241,0.094680443,920499.83,2799320,0.000124495,0.66019157,0.86397073,1.62356E-05
216,2147338.9,0.00118299,0.092885397,925096.04,2799680.3,0.00012389,0.65943276,0.86195799,1.62706E-05
217,2189446,0.001184752,0.091130223,929698.52,2800024,0.000123291,0.65866518,0.85999645,1.63056E-05
218,2232189.1,0.001186527,0.089413874,934307.35,2800350.8,0.000122697,0.65788883,0.85808573,1.63406E-05
219,2275574.8,0.001188316,0.087735337,938922.59,2800660.7,0.000122109,0.65710371,0.85622546,1.63757E-05
220,2319609.5,0.001190119,0.086093628,943544.34,2800953.6,0.000121526,0.65630985,0.85441529,1.64108E-05
221,2364299.8,0.001191936,0.084487792,948172.67,2801229.1,0.000120948,0.65550724,0.85265488,1.64459E-05
222,2409652.4,0.001193767,0.082916904,952807.67,2801487.3,0.000120376,0.65469588,0.85094392,1.64811E-05
223,2455673.8,0.001195612,0.081380063,957449.41,2801727.9,0.000119809,0.6538758,0.84928209,1.65164E-05
224,2502370.8,0.001197471,0.079876398,962097.98,2801950.8,0.000119247,0.65304698,0.84766913,1.65517E-05
225,2549749.9,0.001199346,0.07840506,966753.47,2802155.8,0.000118689,0.65220944,0.84610474,1.6587E-05
226,2597818.1,0.001201235,0.076965227,971415.96,2802342.8,0.000118137,0.65136317,0.84458868,1.66224E-05
227,2646581.9,0.001203139,0.075556101,976085.54,2802511.6,0.00011759,0.65050819,0.8431207,1.66579E-05
228,2696048.2,0.001205059,0.074176905,980762.31,2802662,0.000117047,0.64964448,0.8417006,1.66934E-05
229,2746223.8,0.001206993,0.072826887,985446.34,2802793.9,0.000116508,0.64877207,0.84032815,1.6729E-05
230,2797115.6,0.001208944,0.071505314,990137.74,2802907.1,0.000115974,0.64789093,0.83900317,1.67646E-05
231,2848730.5,0.00121091,0.070211475,994836.59,2803001.4,0.000115445,0.64700108,0.83772548,1.68003E-05
232,2901075.4,0.001212893,0.068944681,999542.99,2803076.6,0.00011492,0.64610252,0.83649493,1.68361E-05
233,2954157.2,0.001214891,0.06770426,1004257,2803132.6,0.0001144,0.64519524,0.83531137,1.68719E-05
234,3007982.9,0.001216906,0.06648956,1008978.8,2803169.2,0.000113883,0.64427923,0.83417468,1.69078E-05
235,3062559.7,0.001218938,0.065299948,1013708.5,2803186.2,0.000113371,0.64335451,0.83308476,1.69438E-05
236,3117894.4,0.001220987,0.064134807,1018446.1,2803183.3,0.000112863,0.64242106,0.83204151,1.69799E-05
237,3173994.2,0.001223053,0.062993539,1023191.7,2803160.5,0.000112358,0.64147888,0.83104485,1.7016E-05
238,3230866.3,0.001225136,0.061875562,1027945.5,2803117.5,0.000111858,0.64052796,0.83009474,1.70523E-05
239,3288517.7,0.001227237,0.06078031,1032707.6,2803054.1,0.000111361,0.6395683,0.82919112,1.70886E-05
240,3346955.7,0.001229356,0.059707234,1037478,2802970.1,0.000110869,0.63859989,0.82833399,1.7125E-05
241,3406187.5,0.001231493,0.058655798,1042256.9,2802865.3,0.00011038,0.63762272,0.82752333,1.71615E-05
242,3466220.4,0.001233648,0.057625481,1047044.4,2802739.5,0.000109894,0.63663679,0.82675916,1.71981E-05
243,3527061.6,0.001235822,0.056615778,1051840.7,2802592.5,0.000109413,0.63564208,0.82604152,1.72348E-05
244,3588718.5,0.001238015,0.055626198,1056645.7,2802424.1,0.000108934,0.63463858,0.82537046,1.72715E-05
245,3651198.5,0.001240228,0.05465626,1061459.7,2802234,0.00010846,0.63362628,0.82474604,1.73084E-05
246,3714508.9,0.00124246,0.053705498,1066282.7,2802022,0.000107988,0.63260517,0.82416836,1.73454E-05
247,3778657.2,0.001244711,0.052773461,1071115,2801788,0.00010752,0.63157524,0.82363753,1.73825E-05
248,3843650.9,0.001246983,0.051859707,1075956.5,2801531.6,0.000107055,0.63053647,0.82315369,1.74198E-05
249,3909497.4,0.001249275,0.050963805,1080807.5,2801252.6,0.000106593,0.62948884,0.82271697,1.74571E-05
250,3976204.3,0.001251588,0.05008534,1085668,2800950.8,0.000106135,0.62843235,0.82232757,1.74946E-05
251,4043779.3,0.001253922,0.049223903,1090538.3,2800626,0.000105679,0.62736696,0.82198566,1.75322E-05
252,4112229.8,0.001256277,0.048379099,1095418.4,2800277.8,0.000105227,0.62629266,0.82169148,1.75699E-05
253,4181563.7,0.001258654,0.047550543,1100308.4,2799906.1,0.000104777,0.62520943,0.82144526,1.76078E-05
254,4251788.5,0.001261054,0.046737859,1105208.6,2799510.5,0.00010433,0.62411726,0.82124727,1.76458E-05
255,4322912.1,0.001263475,0.045940682,1110119,2799090.9,0.000103886,0.62301611,0.82109779,1.76839E-05
256,4394942.1,0.001265919,0.045158656,1115039.9,2798646.9,0.000103445,0.62190596,0.82099714,1.77222E-05
257,4467886.5,0.001268387,0.044391435,1119971.2,2798178.3,0.000103007,0.62078679,0.82094565,1.77607E-05
258,4541753,0.001270878,0.04363868,1124913.3,2797684.7,0.000102571,0.61965858,0.82094371,1.77993E-05
259,4616549.6,0.001273393,0.042900063,1129866.3,2797166,0.000102138,0.61852128,0.82099169,1.7838E-05
260,4692284.3,0.001275932,0.042175263,1134830.2,2796621.7,0.000101707,0.61737489,0.82109002,1.7877E-05
261,4768964.9,0.001278496,0.041463969,1139805.4,2796051.7,0.000101279,0.61621935,0.82123916,1.79161E-05
262,4846599.5,0.001281086,0.040765876,1144791.8,2795455.6,0.000100853,0.61505465,0.82143958,1.79553E-05
263,4925196.2,0.001283701,0.040080688,1149789.8,2794833,0.00010043,0.61388074,0.82169179,1.79948E-05
264,5004763.1,0.001286342,0.039408115,1154799.5,2794183.8,0.000100008,0.6126976,0.82199635,1.80344E-05
265,5085308.3,0.001289009,0.038747876,1159821,2793507.5,9.95895E-05,0.61150518,0.82235383,1.80743E-05
266,5166840.1,0.001291703,0.038099697,1164854.6,2792803.8,9.91728E-05,0.61030345,0.82276484,1.81143E-05
267,5249366.7,0.001294425,0.037463311,1169900.4,2792072.4,9.87582E-05,0.60909236,0.82323004,1.81546E-05
268,5332896.3,0.001297175,0.036838455,1174958.6,2791312.9,9.83457E-05,0.60787188,0.82375012,1.8195E-05
269,5417437.4,0.001299953,0.036224876,1180029.4,2790525,9.79353E-05,0.60664196,0.82432579,1.82357E-05
270,5502998.3,0.001302761,0.035622326,1185113,2789708.3,9.75268E-05,0.60540255,0.82495783,1.82766E-05
271,5589587.5,0.001305598,0.035030563,1190209.6,2788862.5,9.71202E-05,0.6041536,0.82564705,1.83178E-05
272,5677213.3,0.001308465,0.034449351,1195319.4,2787987.1,9.67155E-05,0.60289507,0.82639431,1.83591E-05
273,5765884.5,0.001311362,0.033878459,1200442.6,2787081.8,9.63127E-05,0.6016269,0.8272005,1.84007E-05
274,5855609.4,0.001314291,0.033317664,1205579.4,2786146.2,9.59116E-05,0.60034904,0.82806658,1.84426E-05
275,5946396.9,0.001317252,0.032766745,1210730.2,2785179.9,9.55122E-05,0.59906143,0.82899355,1.84847E-05
276,6038255.6,0.001320245,0.03222549,1215894.9,2784182.4,9.51144E-05,0.597764,0.82998245,1.85272E-05
277,6131194.2,0.001323271,0.03169369,1221074,2783153.4,9.47183E-05,0.59645671,0.83103439,1.85698E-05
278,6225221.5,0.001326331,0.031171141,1226267.7,2782092.4,9.43238E-05,0.59513948,0.83215055,1.86128E-05
279,6320346.4,0.001329426,0.030657645,1231476.2,2780999,9.39307E-05,0.59381225,0.83333215,1.86561E-05
280,6416577.8,0.001332556,0.030153008,1236699.6,2779872.6,9.35391E-05,0.59247494,0.83458047,1.86996E-05
281,6513924.7,0.001335721,0.02965704,1241938.5,2778712.9,9.31489E-05,0.59112749,0.83589688,1.87435E-05
282,6612396.1,0.001338924,0.029169556,1247192.8,2777519.3,9.276E-05,0.58976982,0.83728279,1.87877E-05
283,6712001.2,0.001342163,0.028690377,1252463,2776291.4,9.23725E-05,0.58840184,0.83873972,1.88322E-05
284,6812749,0.001345441,0.028219325,1257749.4,2775028.6,9.19861E-05,0.58702348,0.84026923,1.88771E-05
285,6914648.7,0.001348758,0.027756229,1263052.1,2773730.4,9.1601E-05,0.58563465,0.84187298,1.89223E-05
286,7017709.8,0.001352115,0.027300921,1268371.5,2772396.4,9.1217E-05,0.58423526,0.84355272,1.89679E-05
287,7121941.5,0.001355512,0.026853237,1273708,2771025.8,9.08341E-05,0.58282522,0.84531028,1.90138E-05
288,7227353.2,0.001358951,0.026413015,1279061.7,2769618.3,9.04522E-05,0.58140443,0.8471476,1.90602E-05
289,7333954.5,0.001362433,0.0259801,1284433.1,2768173.1,9.00713E-05,0.57997279,0.84906669,1.91069E-05
290,7441754.8,0.001365958,0.025554338,1289822.4,2766689.8,8.96914E-05,0.57853019,0.8510697,1.91541E-05
291,7550763.9,0.001369528,0.02513558,1295230,2765167.6,8.93123E-05,0.57707653,0.85315887,1.92016E-05
292,7660991.5,0.001373143,0.024723678,1300656.3,2763606,8.8934E-05,0.57561169,0.85533656,1.92497E-05
293,7772447.3,0.001376805,0.024318491,1306101.6,2762004.3,8.85565E-05,0.57413554,0.85760528,1.92981E-05
294,7885141.2,0.001380515,0.023919878,1311566.3,2760361.9,8.81797E-05,0.57264798,0.85996764,1.9347E-05
295,7999083.1,0.001384274,0.023527703,1317050.7,2758678,8.78035E-05,0.57114886,0.86242641,1.93964E-05
296,8114283.1,0.001388083,0.023141831,1322555.3,2756951.9,8.7428E-05,0.56963806,0.8649845,1.94463E-05
297,8230751.3,0.001391943,0.022762133,1328080.5,2755182.9,8.7053E-05,0.56811543,0.867645,1.94968E-05
298,8348497.9,0.001395856,0.022388479,1333626.7,2753370.3,8.66785E-05,0.56658083,0.87041114,1.95477E-05
299,8467533.2,0.001399823,0.022020746,1339194.2,2751513.3,8.63044E-05,0.5650341,0.87328634,1.95992E-05
300,8587867.5,0.001403845,0.02165881,1344783.7,2749611,8.59306E-05,0.56347508,0.87627423,1.96512E-05
301,8709511.3,0.001407924,0.021302551,1350395.5,2747662.7,8.55572E-05,0.56190361,0.87937863,1.97039E-05
302,8832475.3,0.001412061,0.020951853,1356030.1,2745667.5,8.51841E-05,0.56031951,0.88260357,1.97571E-05
303,8956770,0.001416259,0.020606599,1361688,2743624.5,8.48111E-05,0.55872261,0.88595333,1.98109E-05
304,9082406.3,0.001420517,0.020266679,1367369.7,2741532.8,8.44382E-05,0.55711271,0.88943243,1.98654E-05
305,9209395.1,0.001424839,0.019931981,1373075.8,2739391.4,8.40655E-05,0.55548961,0.89304568,1.99206E-05
306,9337747.2,0.001429226,0.019602397,1378806.8,2737199.4,8.36927E-05,0.5538531,0.89679814,1.99764E-05
307,9467473.9,0.00143368,0.019277822,1384563.4,2734955.7,8.33198E-05,0.55220298,0.90069522,2.0033E-05
308,9598586.3,0.001438202,0.018958152,1390346,2732659.3,8.29469E-05,0.55053902,0.90474263,2.00903E-05
309,9731095.8,0.001442795,0.018643285,1396155.3,2730309.1,8.25737E-05,0.54886097,0.90894646,2.01483E-05
310,9865013.8,0.001447461,0.018333122,1401992,2727904,8.22003E-05,0.54716859,0.91331318,2.02072E-05
311,10000352,0.001452202,0.018027565,1407856.7,2725442.8,8.18265E-05,0.54546162,0.91784969,2.02668E-05
312,10137122,0.00145702,0.017726517,1413750.1,2722924.2,8.14523E-05,0.54373978,0.92256333,2.03273E-05
313,10275335,0.001461917,0.017429885,1419672.9,2720347.1,8.10776E-05,0.5420028,0.92746193,2.03887E-05
314,10415005,0.001466897,0.017137576,1425626,2717710,8.07024E-05,0.54025037,0.93255388,2.0451E-05
315,10556142,0.001471962,0.016849498,1431610,2715011.7,8.03265E-05,0.53848218,0.93784811,2.05143E-05
316,10698759,0.001477114,0.016565564,1437625.9,2712250.6,7.99499E-05,0.5366979,0.94335423,2.05785E-05
317,10842868,0.001482356,0.016285685,1443674.4,2709425.3,7.95725E-05,0.53489719,0.94908252,2.06438E-05
318,10988483,0.001487692,0.016009775,1449756.5,2706534.3,7.91943E-05,0.53307967,0.95504401,2.07101E-05
319,11135615,0.001493125,0.015737749,1455873.1,2703575.9,7.8815E-05,0.53124497,0.9612506,2.07775E-05
320,11284278,0.001498658,0.015469522,1462025.2,2700548.4,7.84347E-05,0.52939269,0.96771506,2.0846E-05
321,11434485,0.001504294,0.015205014,1468213.8,2697450.1,7.80532E-05,0.5275224,0.97445121,2.09158E-05
322,11586249,0.001510037,0.014944142,1474440,2694279,7.76704E-05,0.52563365,0.98147396,2.09868E-05
323,11739584,0.001515892,0.014686827,1480704.9,2691033.3,7.72863E-05,0.52372598,0.98879948,2.1059E-05
324,11894503,0.001521862,0.014432989,1487009.7,2687710.9,7.69007E-05,0.52179889,0.99644528,2.11326E-05
325,12051020,0.001527952,0.01418255,1493355.7,2684309.7,7.65136E-05,0.51985186,1.0044304,2.12077E-05
326,12209149,0.001534167,0.013935434,1499744.2,2680827.4,7.61247E-05,0.51788433,1.0127757,2.12842E-05
327,12368905,0.00154051,0.013691563,1506176.5,2677261.6,7.57341E-05,0.51589572,1.0215036,2.13622E-05
328,12530302,0.001546989,0.013450863,1512654.2,2673609.9,7.53415E-05,0.51388541,1.0306391,2.14418E-05
329,12693354,0.001553607,0.013213258,1519178.8,2669869.6,7.49468E-05,0.51185275,1.0402093,2.15231E-05
330,12858078,0.001560372,0.012978673,1525751.9,2666037.9,7.455E-05,0.50979704,1.050244,2.16061E-05
331,13024487,0.001567289,0.012747035,1532375.2,2662112,7.41508E-05,0.50771754,1.0607762,2.16909E-05
332,13192598,0.001574366,0.01251827,1539050.6,2658088.6,7.37491E-05,0.50561348,1.0718421,2.17777E-05
333,13362427,0.001581609,0.012292304,1545780,2653964.6,7.33447E-05,0.50348402,1.0834819,2.18665E-05
334,13533989,0.001589026,0.012069065,1552565.6,2649736.4,7.29375E-05,0.50132828,1.0957404,2.19574E-05
335,13707301,0.001596625,0.011848478,1559409.4,2645400.3,7.25273E-05,0.49914531,1.1086671,2.20505E-05
336,13882380,0.001604416,0.011630471,1566313.8,2640952.3,7.21139E-05,0.49693413,1.1223175,2.21459E-05
337,14059243,0.001612407,0.011414969,1573281.5,2636388.2,7.16971E-05,0.49469365,1.1367534,2.22438E-05
338,14237908,0.00162061,0.011201898,1580314.9,2631703.5,7.12767E-05,0.49242274,1.1520443,2.23443E-05
339,14418391,0.001629035,0.010991183,1587417,2626893.3,7.08524E-05,0.49012018,1.1682683,2.24475E-05
340,14600712,0.001637694,0.010782748,1594591,2621952.5,7.04241E-05,0.48778466,1.1855134,2.25535E-05
341,14784890,0.0016466,0.010576516,1601840,2616875.4,6.99914E-05,0.48541478,1.203879,2.26627E-05
342,14970943,0.001655768,0.010372409,1609167.7,2611656,6.95541E-05,0.48300903,1.2234777,2.27751E-05
343,15158890,0.001665213,0.010170347,1616578,2606287.8,6.91118E-05,0.4805658,1.2444374,2.28909E-05
344,15348753,0.001674951,0.009970247,1624074.9,2600763.7,6.86643E-05,0.47808335,1.2669037,2.30103E-05
345,15540551,0.001685002,0.009772025,1631663.2,2595076.1,6.82112E-05,0.4755598,1.2910428,2.31336E-05
346,15734306,0.001695386,0.009575593,1639347.7,2589216.6,0.000067752,0.47299313,1.3170448,2.32611E-05
347,15930039,0.001706124,0.00938086,1647133.9,2583176.1,6.72864E-05,0.47038113,1.3451279,2.3393E-05
348,16127774,0.001717242,0.009187732,1655027.6,2576944.5,6.68139E-05,0.46772145,1.3755429,2.35297E-05
349,16327533,0.001728768,0.008996108,1663035.5,2570510.9,6.6334E-05,0.46501148,1.4085791,2.36714E-05
350,16529340,0.001740731,0.008805883,1671164.6,2563863,6.58461E-05,0.46224842,1.444571,2.38186E-05
351,16733220,0.001753168,0.008616945,1679423.2,2556987.3,6.53497E-05,0.45942918,1.4839066,2.39717E-05
352,16939198,0.001766115,0.008429175,1687820,2549868.8,6.48439E-05,0.45655041,1.5270371,2.41312E-05
353,17147301,0.001779617,0.008242442,1696365.1,2542490.6,6.43281E-05,0.4536084,1.5744893,2.42977E-05
354,17357556,0.001793723,0.008056606,1705069.9,2534833.7,6.38013E-05,0.45059906,1.6268812,2.44717E-05
355,17569993,0.001808491,0.007871515,1713947,2526876.7,6.32625E-05,0.44751787,1.6849405,2.4654E-05
356,17784641,0.001823986,0.007686996,1723011.3,2518594.9,6.27107E-05,0.44435979,1.7495306,2.48454E-05
357,18001532,0.001840284,0.007502861,1732279.5,2509960.5,6.21446E-05,0.44111918,1.8216837,2.50468E-05
358,18220698,0.001857473,0.007318895,1741771.3,2500940.7,6.15626E-05,0.43778971,1.9026482,2.52593E-05
359,18442174,0.001875659,0.007134854,1751509.9,2491497.7,6.09629E-05,0.43436421,1.9939567,2.54842E-05
360,18665998,0.001894966,0.006950456,1761522.5,2481586.9,6.03436E-05,0.43083459,2.0975304,2.57231E-05
361,18892208,0.001915545,0.006765371,1771842.1,2471155.1,5.97022E-05,0.42719165,2.2158454,2.59777E-05
362,19120845,0.00193758,0.006579205,1782508.8,2460138,5.90356E-05,0.42342507,2.3522111,2.62503E-05
363,19351956,0.001961302,0.006391486,1793572.3,2448457,5.83403E-05,0.4195235,2.5112541,2.65437E-05
364,19585588,0.001986998,0.006201627,1805095.2,2436014.4,5.76117E-05,0.41547517,2.6997869,2.68613E-05
365,19821795,0.002015043,0.006008893,1817158,2422685.7,5.68441E-05,0.41126962,2.9284169,2.72076E-05
366,20060635,0.002045932,0.005812329,1829867.2,2408308.9,5.60298E-05,0.40690213,3.2146046,2.75885E-05
367,20302176,0.002080345,0.005610663,1843366.7,2392666.5,5.51589E-05,0.40238457,3.5886781,2.80119E-05
368,20546491,0.002119248,0.005402123,1857858.9,2375454.9,5.4217E-05,0.39777198,4.1062111,2.84893E-05
369,20793671,0.002164094,0.005184119,1873641.3,2356229.6,5.31834E-05,0.3932311,4.8752204,2.90374E-05
370,21043822,0.002217224,0.004952587,1891180.4,2334293,5.20251E-05,0.38923211,6.1213771,2.96831E-05
371,21297084,0.002282826,0.004700487,1911282.3,2308437.3,5.0685E-05,0.38716239,8.3625829,3.0474E-05
372,21553646,0.00236975,0.004413518,1935591.8,2276213.8,4.90462E-05,0.39181952,12.966254,3.15094E-05
373,21813821,0.002503863,0.004052044,1968784.1,2230855.5,4.78222E-05,0.42824694,25.965453,3.36447E-05
